Dataset,Predictor,Coder,Raw_Size_Bytes,BitPacked_Size_Bytes,Final_Size_Bytes,Total_Ratio,BitPack_Ratio,Neural_Gain,Compress_Speed_MBs,Decompress_Speed_MBs
ECG5000_Proxy,Zero,Huffman,80000,25047,19993,4.0014,3.1940,1.2528,5.17,5.08
ECG5000_Proxy,Zero,Arithmetic,80000,25047,19993,4.0014,3.1940,1.2528,6.34,4.80
ECG5000_Proxy,Heuristic,Huffman,80000,25047,19993,4.0014,3.1940,1.2528,5.57,3.92
ECG5000_Proxy,Heuristic,Arithmetic,80000,25047,19993,4.0014,3.1940,1.2528,6.31,4.82
ECG5000_Proxy,Neural,Huffman,80000,25047,19993,4.0014,3.1940,1.2528,6.60,3.98
ECG5000_Proxy,Neural,Arithmetic,80000,25047,19993,4.0014,3.1940,1.2528,6.01,4.87
ECG5000_Proxy,Hybrid,Huffman,80000,25047,19993,4.0014,3.1940,1.2528,6.11,4.62
ECG5000_Proxy,Hybrid,Arithmetic,80000,25047,19993,4.0014,3.1940,1.2528,6.06,4.82
ETTh1,Zero,Huffman,69680,25302,25302,2.7539,2.7539,1.0000,N/A,N/A
ETTh1,Zero,Arithmetic,69680,25302,25302,2.7539,2.7539,1.0000,N/A,N/A
ETTh1,Heuristic,Huffman,69680,25302,25302,2.7539,2.7539,1.0000,N/A,N/A
ETTh1,Heuristic,Arithmetic,69680,25302,25302,2.7539,2.7539,1.0000,N/A,N/A
ETTh1,Neural,Huffman,69680,25302,25302,2.7539,2.7539,1.0000,N/A,N/A
ETTh1,Neural,Arithmetic,69680,25302,25302,2.7539,2.7539,1.0000,N/A,N/A
ETTh1,Hybrid,Huffman,69680,25302,25302,2.7539,2.7539,1.0000,N/A,N/A
ETTh1,Hybrid,Arithmetic,69680,25302,25302,2.7539,2.7539,1.0000,N/A,N/A
ItalyPowerDemand_Proxy,Zero,Huffman,80000,17543,17543,4.5602,4.5602,1.0000,N/A,N/A
ItalyPowerDemand_Proxy,Zero,Arithmetic,80000,17543,17543,4.5602,4.5602,1.0000,N/A,N/A
ItalyPowerDemand_Proxy,Heuristic,Huffman,80000,17543,17543,4.5602,4.5602,1.0000,N/A,N/A
ItalyPowerDemand_Proxy,Heuristic,Arithmetic,80000,17543,17543,4.5602,4.5602,1.0000,N/A,N/A
ItalyPowerDemand_Proxy,Neural,Huffman,80000,17543,17543,4.5602,4.5602,1.0000,N/A,N/A
ItalyPowerDemand_Proxy,Neural,Arithmetic,80000,17543,17543,4.5602,4.5602,1.0000,N/A,N/A
ItalyPowerDemand_Proxy,Hybrid,Huffman,80000,17543,17543,4.5602,4.5602,1.0000,N/A,N/A
ItalyPowerDemand_Proxy,Hybrid,Arithmetic,80000,17543,17543,4.5602,4.5602,1.0000,N/A,N/A
jena_climate_2009_2016,Zero,Huffman,1682204,341697,340553,4.9396,4.9231,1.0034,2.82,2.35
jena_climate_2009_2016,Zero,Arithmetic,1682204,341697,340553,4.9396,4.9231,1.0034,2.66,2.35
jena_climate_2009_2016,Heuristic,Huffman,1682204,341697,340553,4.9396,4.9231,1.0034,2.69,2.24
jena_climate_2009_2016,Heuristic,Arithmetic,1682204,341697,340553,4.9396,4.9231,1.0034,2.81,2.35
jena_climate_2009_2016,Neural,Huffman,1682204,341697,340553,4.9396,4.9231,1.0034,2.64,2.48
jena_climate_2009_2016,Neural,Arithmetic,1682204,341697,340553,4.9396,4.9231,1.0034,2.91,2.52
jena_climate_2009_2016,Hybrid,Huffman,1682204,341697,340553,4.9396,4.9231,1.0034,2.51,2.61
jena_climate_2009_2016,Hybrid,Arithmetic,1682204,341697,340553,4.9396,4.9231,1.0034,2.61,2.29
MoteStrain_Proxy,Zero,Huffman,80000,27675,27675,2.8907,2.8907,1.0000,N/A,N/A
MoteStrain_Proxy,Zero,Arithmetic,80000,27675,27675,2.8907,2.8907,1.0000,N/A,N/A
MoteStrain_Proxy,Heuristic,Huffman,80000,27675,27675,2.8907,2.8907,1.0000,N/A,N/A
MoteStrain_Proxy,Heuristic,Arithmetic,80000,27675,27675,2.8907,2.8907,1.0000,N/A,N/A
MoteStrain_Proxy,Neural,Huffman,80000,27675,27675,2.8907,2.8907,1.0000,N/A,N/A
MoteStrain_Proxy,Neural,Arithmetic,80000,27675,27675,2.8907,2.8907,1.0000,N/A,N/A
MoteStrain_Proxy,Hybrid,Huffman,80000,27675,27675,2.8907,2.8907,1.0000,N/A,N/A
MoteStrain_Proxy,Hybrid,Arithmetic,80000,27675,27675,2.8907,2.8907,1.0000,N/A,N/A
SmoothSine_Proxy,Zero,Huffman,80000,3831,3213,24.8988,20.8823,1.1923,2.29,1.85
SmoothSine_Proxy,Zero,Arithmetic,80000,3831,3213,24.8988,20.8823,1.1923,3.07,3.60
SmoothSine_Proxy,Heuristic,Huffman,80000,3831,3213,24.8988,20.8823,1.1923,3.37,2.88
SmoothSine_Proxy,Heuristic,Arithmetic,80000,3831,3213,24.8988,20.8823,1.1923,3.02,2.60
SmoothSine_Proxy,Neural,Huffman,80000,3831,3213,24.8988,20.8823,1.1923,2.62,2.84
SmoothSine_Proxy,Neural,Arithmetic,80000,3831,3213,24.8988,20.8823,1.1923,2.93,2.21
SmoothSine_Proxy,Hybrid,Huffman,80000,3831,3213,24.8988,20.8823,1.1923,3.03,3.25
SmoothSine_Proxy,Hybrid,Arithmetic,80000,3831,3213,24.8988,20.8823,1.1923,3.21,3.08
Wafer_Proxy,Zero,Huffman,80000,22551,19145,4.1786,3.5475,1.1779,4.96,3.87
Wafer_Proxy,Zero,Arithmetic,80000,22551,19145,4.1786,3.5475,1.1779,4.29,4.15
Wafer_Proxy,Heuristic,Huffman,80000,22551,19145,4.1786,3.5475,1.1779,4.92,3.21
Wafer_Proxy,Heuristic,Arithmetic,80000,22551,19145,4.1786,3.5475,1.1779,4.22,4.13
Wafer_Proxy,Neural,Huffman,80000,22551,19145,4.1786,3.5475,1.1779,3.93,4.00
Wafer_Proxy,Neural,Arithmetic,80000,22551,19145,4.1786,3.5475,1.1779,5.15,3.10
Wafer_Proxy,Hybrid,Huffman,80000,22551,19145,4.1786,3.5475,1.1779,5.12,3.95
Wafer_Proxy,Hybrid,Arithmetic,80000,22551,19145,4.1786,3.5475,1.1779,3.94,4.01
